{
    "$schema": "https://schema.management.azure.com/schemas/2019-04-01/deploymentParameters.json#",
    "contentVersion": "1.0.0.0",
    "parameters": {
      "location": {
        "value": "westeurope"
      },
      "appName": {
        "value": "bogdan-todo"
      },
      "appSku": {
        "value": "S1"
      },
      "hasStagingSlot": {
        "value": true
      },
      "prefix":{
        "value": "todo-prod"
      },
      "databaseTier": {
        "value": "Basic"
      },
      "databaseSku": {
        "value": "Basic"
      },
      "databaseAdminUserName": {
        "value": ""
      },
      "databaseAdminPassword": {
        "value": ""
      }
    }
  }